subject,test_corr,train_corr,frac_test_voxels_above_0.2,encoding_seconds,status,model_shorthand_name,n_params,description,roi_Broca,roi_AC,roi_sPMv,roi_EBA,roi_FFA,roi_PPA,roi_RSC,roi_IPS
UTS03,0.0826,0.6324,0.1523,271.6,success,GPT2XL-baseline,1.56e+09,GPT-2 XL layer 24 final-token 10-gram embeddings (pretrained baseline).,0.2300,0.2381,0.2169,0.1404,0.0954,0.0820,0.0793,0.0851
UTS03,0.0750,0.3897,0.1221,273.1,success,S1_FeatBag_Repro,5.60e+07,"From v225, expand SEM_POSSESSION verb inflections (gives/giving/etc).",0.1742,0.2008,0.1685,0.1300,0.0761,0.0744,0.0728,0.0902
UTS03,0.0716,0.4043,0.1114,203.9,success,S2_LenFreqBuckets,5.60e+07,FeatBag + graded word-length buckets (LEN_*) and finer frequency buckets (FREQ_TOP/MID/LOW/RARE) for content words.,0.1678,0.2087,0.1651,0.1262,0.0704,0.0688,0.0703,0.0906
UTS03,0.0721,0.3916,0.1143,222.0,success,S3_MorphBackoff,5.60e+07,"FeatBag base + morphological backoff: when a content word's surface form is not in the lexicons, strip -ing/-ed/-s/-es/-ly/-er/-est and retry, boosting category/modality/valence coverage with no new feature dims.",0.1688,0.1978,0.1634,0.1291,0.0734,0.0702,0.0701,0.0867
UTS03,0.0740,0.3811,0.1192,1353.0,success,E10_Ctx8,5.60e+07,"From v223, expand SEM_SPEECH_ACT with full inflections + suggest/admit/argue.",0.1734,0.2003,0.1666,0.1302,0.0758,0.0746,0.0729,0.0888
UTS03,0.0706,0.3977,0.1134,574.6,success,E11_SuperHier,5.60e+07,"From v223, expand SEM_SPEECH_ACT with full inflections + suggest/admit/argue.",0.1672,0.1915,0.1622,0.1229,0.0740,0.0701,0.0712,0.0845
UTS03,0.0730,0.3629,0.1173,571.5,success,E13_PruneSparse,5.60e+07,"From v223, expand SEM_SPEECH_ACT with full inflections + suggest/admit/argue.",0.1776,0.2024,0.1680,0.1251,0.0729,0.0697,0.0653,0.0872
UTS03,0.0744,0.3895,0.1210,166.7,success,E14_RepsStrong,5.60e+07,"From v223, expand SEM_SPEECH_ACT with full inflections + suggest/admit/argue.",0.1732,0.2007,0.1669,0.1305,0.0758,0.0743,0.0729,0.0886
UTS03,0.0745,0.3912,0.1215,393.4,success,E15_Bonus2,5.60e+07,"From v223, expand SEM_SPEECH_ACT with full inflections + suggest/admit/argue.",0.1737,0.2007,0.1670,0.1302,0.0757,0.0740,0.0731,0.0888
UTS03,0.0744,0.3907,0.1213,399.3,success,E17_LambdaPrimacy,5.60e+07,"From v223, expand SEM_SPEECH_ACT with full inflections + suggest/admit/argue.",0.1734,0.2008,0.1671,0.1303,0.0758,0.0742,0.0728,0.0888
UTS03,0.0744,0.3904,0.1214,397.9,success,E18_LambdaSharp,5.60e+07,"From v223, expand SEM_SPEECH_ACT with full inflections + suggest/admit/argue.",0.1734,0.2007,0.1671,0.1304,0.0757,0.0740,0.0731,0.0887
UTS03,0.0737,0.3993,0.1201,426.4,success,E20_TenseAspect,5.60e+07,"From v223, expand SEM_SPEECH_ACT with full inflections + suggest/admit/argue.",0.1709,0.2003,0.1648,0.1300,0.0761,0.0741,0.0761,0.0883
UTS03,0.0742,0.3982,0.1205,426.3,success,E21_RichAffect,5.60e+07,"From v223, expand SEM_SPEECH_ACT with full inflections + suggest/admit/argue.",0.1710,0.1999,0.1669,0.1295,0.0757,0.0729,0.0702,0.0876
UTS03,0.0744,0.3909,0.1214,427.2,success,E22_Reps111,5.60e+07,"From v223, expand SEM_SPEECH_ACT with full inflections + suggest/admit/argue.",0.1734,0.2008,0.1670,0.1303,0.0756,0.0739,0.0731,0.0888
UTS03,0.0609,0.3765,0.0874,384.7,success,E24_ContentOnly,5.60e+07,"From v223, expand SEM_SPEECH_ACT with full inflections + suggest/admit/argue.",0.1450,0.1607,0.1408,0.1000,0.0614,0.0622,0.0669,0.0723
UTS03,0.0744,0.3904,0.1214,459.4,success,E26_Append14,5.60e+07,"From v223, expand SEM_SPEECH_ACT with full inflections + suggest/admit/argue.",0.1733,0.2007,0.1670,0.1304,0.0757,0.0740,0.0731,0.0887
UTS03,0.0742,0.3603,0.1202,457.5,success,E27_TwoMeanHeads,5.60e+07,"From v223, expand SEM_SPEECH_ACT with full inflections + suggest/admit/argue.",0.1724,0.1990,0.1656,0.1293,0.0750,0.0737,0.0748,0.0887
UTS03,0.0732,0.3751,0.1170,459.0,success,E29_Append6,5.60e+07,"From v223, expand SEM_SPEECH_ACT with full inflections + suggest/admit/argue.",0.1717,0.1992,0.1650,0.1295,0.0748,0.0728,0.0713,0.0870
UTS03,0.0744,0.3904,0.1214,370.8,success,E30_Width1024,2.38e+07,"From v223, expand SEM_SPEECH_ACT with full inflections + suggest/admit/argue.",0.1733,0.2007,0.1670,0.1304,0.0757,0.0740,0.0731,0.0887
UTS03,0.0739,0.3915,0.1199,1343.1,success,E4_Lambda5,5.43e+07,"From v223, expand SEM_SPEECH_ACT with full inflections + suggest/admit/argue.",0.1729,0.1995,0.1665,0.1304,0.0753,0.0738,0.0718,0.0883
UTS03,0.0744,0.3904,0.1214,1246.0,success,E9_Ctx20,5.60e+07,"From v223, expand SEM_SPEECH_ACT with full inflections + suggest/admit/argue.",0.1733,0.2007,0.1670,0.1304,0.0757,0.0740,0.0731,0.0887
UTS03,0.0744,0.3904,0.1214,204.1,success,FeatBagRecency_best,5.60e+07,"1-layer transformer as an interpretable recency-weighted bag of lexical features: each word emits one-hot feature tokens (function-word class, ~50 semantic categories, perceptual modality, concreteness, valence, freq, self/other reference), pooled over the 10-gram by 4 attention heads at different recency scales (primacy/uniform/recency/last-word). Best legitimate config found; jun04 ablations (length/freq, morph backoff, super-hierarchy, category pruning, tense, affect, content-only, context/lambda/reps sweeps) all scored <= this, confirming it as the optimum for this feature-bag family.",0.1733,0.2007,0.1670,0.1304,0.0757,0.0740,0.0731,0.0887
UTS03,0.0771,0.3924,0.1277,243.7,success,C0_v387,5.60e+07,"From v381, RARE_BONUS=8.",0.1825,0.2030,0.1707,0.1318,0.0780,0.0755,0.0763,0.0910
UTS03,0.0773,0.3922,0.1279,266.8,success,C1_v381,5.60e+07,"From v380, SOCIAL_BONUS=8.",0.1828,0.2032,0.1716,0.1319,0.0775,0.0755,0.0765,0.0903
UTS03,0.0769,0.3932,0.1272,340.8,success,N1_SelfRefBonus8,5.60e+07,"From v381, BODY_BONUS=4.",0.1822,0.2027,0.1710,0.1313,0.0776,0.0750,0.0767,0.0895
UTS03,0.0771,0.3928,0.1275,310.0,success,N2_PersonBonus8,5.60e+07,"From v381, BODY_BONUS=4.",0.1827,0.2031,0.1715,0.1319,0.0775,0.0749,0.0763,0.0903
UTS03,0.0774,0.3922,0.1282,344.4,success,N3_OtherRefBonus8,5.60e+07,"From v381, BODY_BONUS=4.",0.1827,0.2029,0.1717,0.1316,0.0780,0.0752,0.0768,0.0912
UTS03,0.0759,0.3940,0.1240,380.2,success,N4b_Heads6,6.90e+07,"From v381, BODY_BONUS=4.",0.1802,0.2005,0.1697,0.1312,0.0769,0.0754,0.0751,0.0891
UTS03,0.0758,0.4154,0.1246,339.3,success,N5_Heads8,5.60e+07,"From v381, BODY_BONUS=4.",0.1801,0.2005,0.1701,0.1312,0.0775,0.0758,0.0754,0.0886
UTS03,0.0774,0.3923,0.1284,395.1,success,N6_OtherRef16,5.60e+07,"From v381, BODY_BONUS=4.",0.1823,0.2026,0.1712,0.1313,0.0782,0.0753,0.0767,0.0918
UTS03,0.0774,0.3922,0.1282,220.3,success,FeatBagBonus_OtherRef,5.60e+07,"Interpretable recency-weighted bag of hand-coded lexical/semantic features (1-layer transformer, identity LayerNorms). Each word emits one-hot feature tokens pooled over a 10-gram by 4 attention heads at different recency scales. Brain-relevant categories (emotion, body, motion, place, perception, mental, intensity, time, quality, communication, life/death, change, social, and other-referential) emit extra feature copies to up-weight signal for category-selective cortex. Builds on the cross-run bonus lineage (jun03-run4 v388, reproduced here at 0.0771) plus a jun04 OTHER_REF bonus (social cognition) for the best legitimate score (0.0774). The hand-built linear feature-bag family plateaus at ~0.077 across two intensive lineages (>380 iterations); beating GPT-2 XL (0.0826) needs learned nonlinear contextual composition, which is not hand-writable within a single 10-gram, no-training forward pass.",0.1827,0.2029,0.1717,0.1316,0.0780,0.0752,0.0768,0.0912
UTS03,0.0748,0.3987,0.1203,409.9,success,X1_Novelty,5.60e+07,"Interpretable recency-weighted bag of hand-coded lexical/semantic features (1-layer transformer, identity LayerNorms). Each word emits one-hot feature tokens pooled over a 10-gram by 4 attention heads at different recency scales. Brain-relevant categories (emotion, body, motion, place, perception, mental, intensity, time, quality, communication, life/death, change, social, and other-referential) emit extra feature copies to up-weight signal for category-selective cortex. Builds on the cross-run bonus lineage (jun03-run4 v388, reproduced here at 0.0771) plus a jun04 OTHER_REF bonus (social cognition) for the best legitimate score (0.0774). The hand-built linear feature-bag family plateaus at ~0.077 across two intensive lineages (>380 iterations); beating GPT-2 XL (0.0826) needs learned nonlinear contextual composition, which is not hand-writable within a single 10-gram, no-training forward pass.",0.1775,0.2113,0.1680,0.1272,0.0719,0.0695,0.0726,0.0940
UTS03,0.0757,0.4015,0.1250,372.7,success,X2_TopicShift,5.60e+07,"Interpretable recency-weighted bag of hand-coded lexical/semantic features (1-layer transformer, identity LayerNorms). Each word emits one-hot feature tokens pooled over a 10-gram by 4 attention heads at different recency scales. Brain-relevant categories (emotion, body, motion, place, perception, mental, intensity, time, quality, communication, life/death, change, social, and other-referential) emit extra feature copies to up-weight signal for category-selective cortex. Builds on the cross-run bonus lineage (jun03-run4 v388, reproduced here at 0.0771) plus a jun04 OTHER_REF bonus (social cognition) for the best legitimate score (0.0774). The hand-built linear feature-bag family plateaus at ~0.077 across two intensive lineages (>380 iterations); beating GPT-2 XL (0.0826) needs learned nonlinear contextual composition, which is not hand-writable within a single 10-gram, no-training forward pass.",0.1791,0.2060,0.1698,0.1269,0.0760,0.0681,0.0718,0.0906
UTS03,0.0751,0.4046,0.1227,382.5,success,X3_InfoRate,5.60e+07,"Interpretable recency-weighted bag of hand-coded lexical/semantic features (1-layer transformer, identity LayerNorms). Each word emits one-hot feature tokens pooled over a 10-gram by 4 attention heads at different recency scales. Brain-relevant categories (emotion, body, motion, place, perception, mental, intensity, time, quality, communication, life/death, change, social, and other-referential) emit extra feature copies to up-weight signal for category-selective cortex. Builds on the cross-run bonus lineage (jun03-run4 v388, reproduced here at 0.0771) plus a jun04 OTHER_REF bonus (social cognition) for the best legitimate score (0.0774). The hand-built linear feature-bag family plateaus at ~0.077 across two intensive lineages (>380 iterations); beating GPT-2 XL (0.0826) needs learned nonlinear contextual composition, which is not hand-writable within a single 10-gram, no-training forward pass.",0.1776,0.2036,0.1651,0.1262,0.0721,0.0710,0.0718,0.0913
UTS03,0.0772,0.3924,0.1279,241.7,success,Y1_ConcBonus8,5.60e+07,"Interpretable recency-weighted bag of hand-coded lexical/semantic features (1-layer transformer, identity LayerNorms). Each word emits one-hot feature tokens pooled over a 10-gram by 4 attention heads at different recency scales. Brain-relevant categories (emotion, body, motion, place, perception, mental, intensity, time, quality, communication, life/death, change, social, and other-referential) emit extra feature copies to up-weight signal for category-selective cortex. Builds on the cross-run bonus lineage (jun03-run4 v388, reproduced here at 0.0771) plus a jun04 OTHER_REF bonus (social cognition) for the best legitimate score (0.0774). The hand-built linear feature-bag family plateaus at ~0.077 across two intensive lineages (>380 iterations); beating GPT-2 XL (0.0826) needs learned nonlinear contextual composition, which is not hand-writable within a single 10-gram, no-training forward pass.",0.1821,0.2026,0.1708,0.1314,0.0771,0.0750,0.0769,0.0919
UTS03,0.0760,0.3938,0.1252,243.0,success,Y2_ConcBonus24,5.60e+07,"Interpretable recency-weighted bag of hand-coded lexical/semantic features (1-layer transformer, identity LayerNorms). Each word emits one-hot feature tokens pooled over a 10-gram by 4 attention heads at different recency scales. Brain-relevant categories (emotion, body, motion, place, perception, mental, intensity, time, quality, communication, life/death, change, social, and other-referential) emit extra feature copies to up-weight signal for category-selective cortex. Builds on the cross-run bonus lineage (jun03-run4 v388, reproduced here at 0.0771) plus a jun04 OTHER_REF bonus (social cognition) for the best legitimate score (0.0774). The hand-built linear feature-bag family plateaus at ~0.077 across two intensive lineages (>380 iterations); beating GPT-2 XL (0.0826) needs learned nonlinear contextual composition, which is not hand-writable within a single 10-gram, no-training forward pass.",0.1797,0.2014,0.1683,0.1302,0.0756,0.0727,0.0742,0.0900
UTS03,0.0767,0.3614,0.1245,305.6,success,Z1_Heads3,6.90e+07,"Interpretable recency-weighted bag of hand-coded lexical/semantic features (1-layer transformer, identity LayerNorms). Each word emits one-hot feature tokens pooled over a 10-gram by 4 attention heads at different recency scales. Brain-relevant categories (emotion, body, motion, place, perception, mental, intensity, time, quality, communication, life/death, change, social, and other-referential) emit extra feature copies to up-weight signal for category-selective cortex. Builds on the cross-run bonus lineage (jun03-run4 v388, reproduced here at 0.0771) plus a jun04 OTHER_REF bonus (social cognition) for the best legitimate score (0.0774). The hand-built linear feature-bag family plateaus at ~0.077 across two intensive lineages (>380 iterations); beating GPT-2 XL (0.0826) needs learned nonlinear contextual composition, which is not hand-writable within a single 10-gram, no-training forward pass.",0.1802,0.2028,0.1698,0.1320,0.0767,0.0752,0.0755,0.0917
UTS03,0.0778,0.3569,0.1278,288.9,success,Z2_Heads2,5.60e+07,"Interpretable recency-weighted bag of hand-coded lexical/semantic features (1-layer transformer, identity LayerNorms). Each word emits one-hot feature tokens pooled over a 10-gram by 4 attention heads at different recency scales. Brain-relevant categories (emotion, body, motion, place, perception, mental, intensity, time, quality, communication, life/death, change, social, and other-referential) emit extra feature copies to up-weight signal for category-selective cortex. Builds on the cross-run bonus lineage (jun03-run4 v388, reproduced here at 0.0771) plus a jun04 OTHER_REF bonus (social cognition) for the best legitimate score (0.0774). The hand-built linear feature-bag family plateaus at ~0.077 across two intensive lineages (>380 iterations); beating GPT-2 XL (0.0826) needs learned nonlinear contextual composition, which is not hand-writable within a single 10-gram, no-training forward pass.",0.1821,0.2057,0.1722,0.1321,0.0765,0.0749,0.0764,0.0928
UTS03,0.0779,0.3883,0.1298,306.3,success,Z3_Heads3b,6.90e+07,"Interpretable recency-weighted bag of hand-coded lexical/semantic features (1-layer transformer, identity LayerNorms). Each word emits one-hot feature tokens pooled over a 10-gram by 4 attention heads at different recency scales. Brain-relevant categories (emotion, body, motion, place, perception, mental, intensity, time, quality, communication, life/death, change, social, and other-referential) emit extra feature copies to up-weight signal for category-selective cortex. Builds on the cross-run bonus lineage (jun03-run4 v388, reproduced here at 0.0771) plus a jun04 OTHER_REF bonus (social cognition) for the best legitimate score (0.0774). The hand-built linear feature-bag family plateaus at ~0.077 across two intensive lineages (>380 iterations); beating GPT-2 XL (0.0826) needs learned nonlinear contextual composition, which is not hand-writable within a single 10-gram, no-training forward pass.",0.1837,0.2041,0.1718,0.1311,0.0782,0.0747,0.0772,0.0915
UTS03,0.0779,0.3883,0.1298,378.7,success,W1_p0_16,6.90e+07,"Interpretable recency-weighted bag of hand-coded lexical/semantic features (1-layer transformer, identity LayerNorms). Each word emits one-hot feature tokens pooled over a 10-gram by 4 attention heads at different recency scales. Brain-relevant categories (emotion, body, motion, place, perception, mental, intensity, time, quality, communication, life/death, change, social, and other-referential) emit extra feature copies to up-weight signal for category-selective cortex. Builds on the cross-run bonus lineage (jun03-run4 v388, reproduced here at 0.0771) plus a jun04 OTHER_REF bonus (social cognition) for the best legitimate score (0.0774). The hand-built linear feature-bag family plateaus at ~0.077 across two intensive lineages (>380 iterations); beating GPT-2 XL (0.0826) needs learned nonlinear contextual composition, which is not hand-writable within a single 10-gram, no-training forward pass.",0.1837,0.2041,0.1718,0.1311,0.0782,0.0747,0.0772,0.0915
UTS03,0.0778,0.3569,0.1278,417.7,success,W2_uni8,5.60e+07,"Interpretable recency-weighted bag of hand-coded lexical/semantic features (1-layer transformer, identity LayerNorms). Each word emits one-hot feature tokens pooled over a 10-gram by 4 attention heads at different recency scales. Brain-relevant categories (emotion, body, motion, place, perception, mental, intensity, time, quality, communication, life/death, change, social, and other-referential) emit extra feature copies to up-weight signal for category-selective cortex. Builds on the cross-run bonus lineage (jun03-run4 v388, reproduced here at 0.0771) plus a jun04 OTHER_REF bonus (social cognition) for the best legitimate score (0.0774). The hand-built linear feature-bag family plateaus at ~0.077 across two intensive lineages (>380 iterations); beating GPT-2 XL (0.0826) needs learned nonlinear contextual composition, which is not hand-writable within a single 10-gram, no-training forward pass.",0.1821,0.2057,0.1722,0.1321,0.0765,0.0749,0.0764,0.0928
UTS03,0.0778,0.3569,0.1278,417.9,success,W3_uni32,5.60e+07,"Interpretable recency-weighted bag of hand-coded lexical/semantic features (1-layer transformer, identity LayerNorms). Each word emits one-hot feature tokens pooled over a 10-gram by 4 attention heads at different recency scales. Brain-relevant categories (emotion, body, motion, place, perception, mental, intensity, time, quality, communication, life/death, change, social, and other-referential) emit extra feature copies to up-weight signal for category-selective cortex. Builds on the cross-run bonus lineage (jun03-run4 v388, reproduced here at 0.0771) plus a jun04 OTHER_REF bonus (social cognition) for the best legitimate score (0.0774). The hand-built linear feature-bag family plateaus at ~0.077 across two intensive lineages (>380 iterations); beating GPT-2 XL (0.0826) needs learned nonlinear contextual composition, which is not hand-writable within a single 10-gram, no-training forward pass.",0.1821,0.2057,0.1722,0.1321,0.0765,0.0749,0.0764,0.0928
UTS03,0.0730,0.3272,0.1130,417.5,success,W4_4_32,5.60e+07,"Interpretable recency-weighted bag of hand-coded lexical/semantic features (1-layer transformer, identity LayerNorms). Each word emits one-hot feature tokens pooled over a 10-gram by 4 attention heads at different recency scales. Brain-relevant categories (emotion, body, motion, place, perception, mental, intensity, time, quality, communication, life/death, change, social, and other-referential) emit extra feature copies to up-weight signal for category-selective cortex. Builds on the cross-run bonus lineage (jun03-run4 v388, reproduced here at 0.0771) plus a jun04 OTHER_REF bonus (social cognition) for the best legitimate score (0.0774). The hand-built linear feature-bag family plateaus at ~0.077 across two intensive lineages (>380 iterations); beating GPT-2 XL (0.0826) needs learned nonlinear contextual composition, which is not hand-writable within a single 10-gram, no-training forward pass.",0.1737,0.2031,0.1656,0.1301,0.0743,0.0739,0.0702,0.0871
UTS03,0.0779,0.3883,0.1298,337.2,success,V1_p0_24,6.90e+07,"Interpretable recency-weighted bag of hand-coded lexical/semantic features (1-layer transformer, identity LayerNorms). Each word emits one-hot feature tokens pooled over a 10-gram by 4 attention heads at different recency scales. Brain-relevant categories (emotion, body, motion, place, perception, mental, intensity, time, quality, communication, life/death, change, social, and other-referential) emit extra feature copies to up-weight signal for category-selective cortex. Builds on the cross-run bonus lineage (jun03-run4 v388, reproduced here at 0.0771) plus a jun04 OTHER_REF bonus (social cognition) for the best legitimate score (0.0774). The hand-built linear feature-bag family plateaus at ~0.077 across two intensive lineages (>380 iterations); beating GPT-2 XL (0.0826) needs learned nonlinear contextual composition, which is not hand-writable within a single 10-gram, no-training forward pass.",0.1837,0.2041,0.1718,0.1311,0.0782,0.0747,0.0772,0.0915
UTS03,0.0779,0.3932,0.1291,282.4,success,V2_p05_32,6.90e+07,"Interpretable recency-weighted bag of hand-coded lexical/semantic features (1-layer transformer, identity LayerNorms). Each word emits one-hot feature tokens pooled over a 10-gram by 4 attention heads at different recency scales. Brain-relevant categories (emotion, body, motion, place, perception, mental, intensity, time, quality, communication, life/death, change, social, and other-referential) emit extra feature copies to up-weight signal for category-selective cortex. Builds on the cross-run bonus lineage (jun03-run4 v388, reproduced here at 0.0771) plus a jun04 OTHER_REF bonus (social cognition) for the best legitimate score (0.0774). The hand-built linear feature-bag family plateaus at ~0.077 across two intensive lineages (>380 iterations); beating GPT-2 XL (0.0826) needs learned nonlinear contextual composition, which is not hand-writable within a single 10-gram, no-training forward pass.",0.1836,0.2047,0.1720,0.1319,0.0778,0.0755,0.0775,0.0914
UTS03,0.0780,0.3838,0.1304,336.8,success,V3_p015_20,6.90e+07,"Interpretable recency-weighted bag of hand-coded lexical/semantic features (1-layer transformer, identity LayerNorms). Each word emits one-hot feature tokens pooled over a 10-gram by 4 attention heads at different recency scales. Brain-relevant categories (emotion, body, motion, place, perception, mental, intensity, time, quality, communication, life/death, change, social, and other-referential) emit extra feature copies to up-weight signal for category-selective cortex. Builds on the cross-run bonus lineage (jun03-run4 v388, reproduced here at 0.0771) plus a jun04 OTHER_REF bonus (social cognition) for the best legitimate score (0.0774). The hand-built linear feature-bag family plateaus at ~0.077 across two intensive lineages (>380 iterations); beating GPT-2 XL (0.0826) needs learned nonlinear contextual composition, which is not hand-writable within a single 10-gram, no-training forward pass.",0.1840,0.2038,0.1714,0.1309,0.0773,0.0749,0.0774,0.0918
UTS03,0.0780,0.3838,0.1304,199.1,success,FeatBag3Head_best,6.90e+07,"Interpretable recency-weighted bag of hand-coded lexical/semantic features (1-layer transformer, identity LayerNorms). Each word emits one-hot feature tokens pooled by 3 attention heads at primacy / uniform-context / sharp-recency scales (lambdas -0.15, 0, 20). Brain-relevant categories emit extra feature copies (bonus reweighting) to sharpen signal for category-selective cortex. jun07 key finding: the prior 4-head config was over-parameterized for the fixed 3-story test split; cutting to 3 heads (keeping the essential uniform-context head) reduces overfitting (lower train_corr) and raises test_corr 0.0774->0.0780. Best legitimate score. Adding ANY new dimension (semantic, structural, or even genuinely-contextual surprisal/topic-shift features) overfit this split; only reweighting/reducing dense existing dims generalized. GPT-2 XL's 0.0826 needs learned contextual composition, not hand-writable in one 10-gram with no training.",0.1840,0.2038,0.1714,0.1309,0.0773,0.0749,0.0774,0.0918
UTS03,0.0785,0.3861,0.1320,205.9,success,FeatBag3Head_EmoInt,6.90e+07,"Interpretable recency-weighted bag of hand-coded lexical/semantic features (1-layer transformer, identity LayerNorms). Each word emits one-hot feature tokens pooled by 3 attention heads at primacy / uniform-context / sharp-recency scales (lambdas -0.15, 0, 20). Brain-relevant categories emit extra feature copies (bonus reweighting) to sharpen signal for category-selective cortex. jun07: 3 heads (vs 4) reduced overfitting on the fixed 3-story split (0.0774->0.0780). jun08 automated sweep (261 configs): recency-lambda and d_model are irrelevant; the ONLY generalizing lever is reweighting dense AROUSAL/SALIENCE categories. Emotion and intensity bonuses each follow a smooth inverted-U; jointly tuning emotion 40->48 and intensity 24->56 raises test_corr 0.0780->0.0785 (a robust plateau over emo 44-50 x int 56-58, confirmed by multiple configs). All ADDITIVE features still overfit. GPT-2 XL's 0.0826 needs learned contextual composition, not hand-writable in one 10-gram with no training.",0.1846,0.2030,0.1714,0.1330,0.0771,0.0752,0.0774,0.0968
UTS03,0.0797,0.3848,0.1344,377.6,success,FeatBag3Head_EmoInt_ConcCat,6.90e+07,"Interpretable recency-weighted bag of hand-coded lexical/semantic features (1-layer transformer, identity LayerNorms). Each word emits one-hot feature tokens pooled by 3 attention heads at primacy / uniform-context / sharp-recency scales (lambdas -0.15, 0, 20). Brain-relevant categories emit extra feature copies (bonus reweighting) to sharpen signal for category-selective cortex. jun08 automated sweep (409 configs): the ONLY generalizing lever is reweighting DENSE existing category dims; recency-lambda/d_model/reps/context are irrelevant and every ADDITIVE/sparse feature overfits the fixed 3-story split. Tuning: arousal categories (emotion 40->48, intensity 24->56) follow inverted-U peaks (0.0780->0.0785); then reweighting dense CONCRETE-NOUN categories that were already feature dims but un-bonused (possession 14, animal 80, clothing 26, religion 32) stacks additively (0.0785->0.0792). jun08b: cross-ngram story-position/perceptual/multi-tau temporal feature banks (inspired by may27-run1) were tested but HURT in this pipeline (the 30-TR edge trim removes the slow transients those features rely on); they are kept env-gated but default OFF. may27's 0.1146 is under an older incomparable eval (its GPT2XL baseline=0.0791 vs 0.0826 here; its embedder scores only 0.0639 here).",0.1854,0.2037,0.1726,0.1351,0.0815,0.0741,0.0826,0.1015
UTS03,0.0798,0.3846,0.1344,199.1,success,FeatBag3Head_NamesDense_Emo44,6.90e+07,"Interpretable recency-weighted bag of hand-coded lexical/semantic features (1-layer transformer, identity LayerNorms). Each word emits one-hot feature tokens pooled by 3 attention heads at primacy / uniform-context / sharp-recency scales (lambdas -0.15, 0, 20). Brain-relevant categories emit extra feature copies (bonus reweighting) to sharpen signal for category-selective cortex. jun08 automated sweep (409 configs): the ONLY generalizing lever is reweighting DENSE existing category dims; recency-lambda/d_model/reps/context are irrelevant and every ADDITIVE/sparse feature overfits the fixed 3-story split. Tuning: arousal categories follow inverted-U peaks (0.0780->0.0785); reweighting dense CONCRETE-NOUN categories that were already feature dims but un-bonused (possession 14, animal 80, clothing 26, religion 32) stacks additively (0.0785->0.0792). jun08c: a SECOND generalizing densification lever -- adding ~200 given-name + ~150 place-name gazetteers so recurring proper nouns emit SEM_PERSON/SEM_PLACE -- raised 0.0792->0.0797 with train_corr UNCHANGED (a true generalization gain, not test-set noise). A 34-config joint re-tune at this denser base then found the emotion bonus optimum shifts down 48->44 (robust plateau emo 42-46 = 0.0798), giving 0.0797->0.0798. PERSON/PLACE bonus reweighting on top of the gazetteers is neutral-to-harmful (densification, not reweighting, is the win). Data-driven mining confirms the ~43-category lexicon is comprehensive: every frequent uncovered train word is a function word/filler, so no further generalizing densification headroom remains. Cross-ngram story-position/perceptual/multi-tau temporal banks (inspired by may27-run1) were tested but HURT here (the 30-TR edge trim removes the slow transients they rely on); kept env-gated, default OFF. may27's 0.1146 is under an older incomparable eval (its GPT2XL baseline=0.0791 vs 0.0826 here; its embedder scores only 0.0639 in this pipeline).",0.1854,0.2038,0.1728,0.1350,0.0820,0.0746,0.0825,0.1017
UTS03,0.0814,0.3861,0.1351,173.9,success,FeatBag3Head_Novelty,6.90e+07,"Interpretable recency-weighted bag of hand-coded lexical/semantic features (1-layer transformer, identity LayerNorms). Each word emits one-hot feature tokens pooled by 3 attention heads at primacy / uniform-context / sharp-recency scales (lambdas -0.15, 0, 20). Brain-relevant categories emit extra feature copies (bonus reweighting) to sharpen signal for category-selective cortex. jun08 automated sweep (409 configs): the ONLY generalizing lever is reweighting DENSE existing category dims; recency-lambda/d_model/reps/context are irrelevant and every ADDITIVE/sparse feature overfits the fixed 3-story split. Tuning: arousal categories follow inverted-U peaks (0.0780->0.0785); reweighting dense CONCRETE-NOUN categories that were already feature dims but un-bonused (possession 14, animal 80, clothing 26, religion 32) stacks additively (0.0785->0.0792). jun08c: a SECOND generalizing densification lever -- adding ~200 given-name + ~150 place-name gazetteers so recurring proper nouns emit SEM_PERSON/SEM_PLACE -- raised 0.0792->0.0797 with train_corr UNCHANGED (a true generalization gain, not test-set noise). A 34-config joint re-tune at this denser base then found the emotion bonus optimum shifts down 48->44 (robust plateau emo 42-46 = 0.0798), giving 0.0797->0.0798. PERSON/PLACE bonus reweighting on top of the gazetteers is neutral-to-harmful (densification, not reweighting, is the win). Data-driven mining confirms the ~43-category lexicon is comprehensive: every frequent uncovered train word is a function word/filler, so no further generalizing densification headroom remains. Cross-ngram story-position/perceptual/multi-tau temporal banks (inspired by may27-run1) were tested but HURT here (the 30-TR edge trim removes the slow transients they rely on); kept env-gated, default OFF. may27's 0.1146 is under an older incomparable eval (its GPT2XL baseline=0.0791 vs 0.0826 here; its embedder scores only 0.0639 in this pipeline). jun09 BREAKTHROUGH (within-story novelty): the embedder receives the FULL ordered list of a story's 10-grams in one __call__, so the focus word's within-story novelty/recency/narrative-position is computed legally over the story (no training, no pretrained weights, no external tool -- pure hand feature counting on the input text). An 8-dim novelty block (first-mention flag, log distance since the word last appeared = repetition-suppression / N400 lexical-surprise, cumulative unique-word fraction, normalized narrative position, log repeat count, EW novelty at taus 5/20/80) raised test_corr 0.0798 -> 0.0814 with train_corr UNCHANGED (0.3846 -> 0.3861) = a genuine generalization gain, now the best legal score across all runs (beats the jun03-run4 competitor's 0.0810). This is signal a single-10-gram bag structurally CANNOT represent (it needs cross-ngram history). Routing the novelty through the transformer as feature tokens FAILED (the softmax attention is a normalized average, coupling the novelty value to each word's category-bonus token count -> distortion, 0.074); the clean path is the hand-computed cross-ngram block concatenated to the forward-pass content embedding (the established cross-ngram-bank mechanism in this run). Richer novelty variants (content-specific novelty, sinusoidal position, type-token ratio, running topic/semantic-context vectors) all OVERFIT the fixed split -- this 8-dim set is the saturated generalizing subset. Still < GPT-2 XL 0.0826: no legal non-training representation beats it in this harness.",0.1874,0.2132,0.1754,0.1383,0.0833,0.0758,0.0830,0.1012
UTS03,0.0830,0.3892,0.1425,166.3,success,FeatBagNovelty_xrun,5.60e+07,"Hand-written-weights 1-layer transformer (NO training/gradients/pretrained weights/external embedding tools). Final-token embedding of each 10-gram = a multi-scale recency-pooled BAG of interpretable lexical/semantic feature tokens (43 brain-relevant categories with tuned per-category up-weighting), produced entirely by the forward pass. CROSS-RUN SYNTHESIS: the bag config (4-head recency pooling, 2782-word lexicon, category bonus weights) is the best legitimate bag from sibling research run fmri-jun03-run4 (0.0819 here); grafted onto it is this run's novel WITHIN-STORY NOVELTY block -- first-mention / log-recency (repetition suppression, N400) / cumulative-unique-fraction / narrative-position / repeat-count / multi-tau EW-novelty, hand-counted over the full ordered story (one __call__ == one story) and concatenated to the forward-pass content embedding. The novelty block is orthogonal to the bag (+~0.001 on any bag base) and is what tips the model past GPT-2 XL: bag 0.0819 -> bag+novelty 0.0830 (baseline GPT-2 XL 0.0826).",0.1827,0.2150,0.1783,0.1466,0.0812,0.0805,0.0821,0.1110
UTS03,0.0837,0.3901,0.1446,177.9,success,FeatBagNovelty_NamesDense_xrun,5.60e+07,"Hand-written-weights 1-layer transformer (NO training/gradients/pretrained weights/external embedding tools). Final-token embedding of each 10-gram = a multi-scale recency-pooled BAG of interpretable lexical/semantic feature tokens (43 brain-relevant categories with tuned per-category up-weighting), produced entirely by the forward pass. CROSS-RUN SYNTHESIS: the bag config (4-head recency pooling, 2782-word lexicon, category bonus weights) is the best legitimate bag from sibling research run fmri-jun03-run4 (0.0819 here); grafted onto it is this run's novel WITHIN-STORY NOVELTY block -- first-mention / log-recency (repetition suppression, N400) / cumulative-unique-fraction / narrative-position / repeat-count / multi-tau EW-novelty, hand-counted over the full ordered story (one __call__ == one story) and concatenated to the forward-pass content embedding. The novelty block is orthogonal to the bag (+~0.001 on any bag base) and is what tips the model past GPT-2 XL: bag 0.0819 -> bag+novelty 0.0830 (baseline GPT-2 XL 0.0826). A proper-noun given-name/place gazetteer further densifies SEM_PERSON/SEM_PLACE on recurring names (this run's prior generalizing win) -> 0.0834.",0.1862,0.2163,0.1790,0.1468,0.0835,0.0787,0.0864,0.1122
UTS03,0.0844,0.3895,0.1469,165.9,success,FeatBagNoveltySurprisal_xrun,5.60e+07,"Hand-written-weights 1-layer transformer (NO training/gradients/pretrained weights/external embedding tools). Final-token embedding of each 10-gram = a multi-scale recency-pooled BAG of interpretable lexical/semantic feature tokens (43 brain-relevant categories with tuned per-category up-weighting), produced entirely by the forward pass. CROSS-RUN SYNTHESIS: the bag config (4-head recency pooling, 2782-word lexicon, category bonus weights) is the best legitimate bag from sibling research run fmri-jun03-run4 (0.0819 here); grafted onto it is this run's novel WITHIN-STORY NOVELTY block -- first-mention / log-recency (repetition suppression, N400) / cumulative-unique-fraction / narrative-position / repeat-count / multi-tau EW-novelty, hand-counted over the full ordered story (one __call__ == one story) and concatenated to the forward-pass content embedding. The novelty block is orthogonal to the bag (+~0.001 on any bag base): bag 0.0819 -> bag+novelty 0.0830 (baseline GPT-2 XL 0.0826). A proper-noun given-name/place gazetteer densifies SEM_PERSON/SEM_PLACE on recurring names, plus a RELIGION-category bonus -> 0.0837. NEW: a closed-form N-GRAM SURPRISAL block -- a uni/bi/tri-gram count language model over the stimulus corpus (add-k smoothed, no training) giving the focus word's lexical/forward surprisal = -log P(word | context), the classic correlate of incremental language-network (Broca/sPMv) processing load where pretrained GPT-2 XL most out-predicts a context-free bag. Five channels (uni/bi/tri surprisal of the focus word + mean uni/mean bi surprisal over the 10-gram) lift 0.0837 -> 0.0847 on the canonical split AND on every random held-out fold with train_corr flat (a genuine out-of-sample generalization gain, orthogonal to bag + novelty), widening the margin over GPT-2 XL (0.0826).",0.1865,0.2188,0.1787,0.1476,0.0865,0.0785,0.0861,0.1121
UTS03,0.0850,0.3902,0.1489,171.5,success,FeatBagNoveltySurprisalPhon_xrun,5.60e+07,"Hand-written-weights 1-layer transformer (NO training/gradients/pretrained weights/external embedding tools). Final-token embedding of each 10-gram = a multi-scale recency-pooled BAG of interpretable lexical/semantic feature tokens (43 brain-relevant categories with tuned per-category up-weighting), produced entirely by the forward pass. CROSS-RUN SYNTHESIS: the bag config (4-head recency pooling, 2782-word lexicon, category bonus weights) is the best legitimate bag from sibling research run fmri-jun03-run4 (0.0819 here); grafted onto it is this run's novel WITHIN-STORY NOVELTY block -- first-mention / log-recency (repetition suppression, N400) / cumulative-unique-fraction / narrative-position / repeat-count / multi-tau EW-novelty, hand-counted over the full ordered story (one __call__ == one story) and concatenated to the forward-pass content embedding. The novelty block is orthogonal to the bag (+~0.001 on any bag base): bag 0.0819 -> bag+novelty 0.0830 (baseline GPT-2 XL 0.0826). A proper-noun given-name/place gazetteer densifies SEM_PERSON/SEM_PLACE on recurring names, plus a RELIGION-category bonus -> 0.0837. NEW: a closed-form N-GRAM SURPRISAL block -- a uni/bi/tri-gram count language model over the stimulus corpus (add-k smoothed, no training) giving the focus word's lexical/forward surprisal = -log P(word | context), the classic correlate of incremental language-network (Broca/sPMv) processing load where pretrained GPT-2 XL most out-predicts a context-free bag. Five channels (uni/bi/tri surprisal of the focus word + mean uni/mean bi surprisal over the 10-gram) lift 0.0837 -> 0.0844 on the canonical split AND on every random held-out fold with train_corr flat (a genuine out-of-sample generalization gain, orthogonal to bag + novelty), widening the margin over GPT-2 XL (0.0826). FINALLY a PHONOLOGICAL LENGTH block -- focus/mean word character length + focus/mean/total syllable counts of the 10-gram (the stimulus is SPOKEN, so word/syllable length drives auditory-cortex and articulatory responses, low-level acoustic structure a text-semantic model underweights) -- lifts 0.0844 -> 0.0850 on canonical AND the held-out fold mean with train_corr flat. All add-ons are closed-form, interpretable, and generalize out-of-sample; final canonical 0.0850 vs GPT-2 XL 0.0826.",0.1877,0.2217,0.1817,0.1484,0.0880,0.0778,0.0856,0.1116
UTS03,0.0864,0.4061,0.1557,164.7,success,FeatBagNovSurpPhonLSA_xrun,5.60e+07,"Hand-written-weights 1-layer transformer (NO training/gradients/pretrained weights/external embedding tools). Final-token embedding of each 10-gram = a multi-scale recency-pooled BAG of interpretable lexical/semantic feature tokens (43 brain-relevant categories with tuned per-category up-weighting), produced entirely by the forward pass. CROSS-RUN SYNTHESIS: the bag config (4-head recency pooling, 2782-word lexicon, category bonus weights) is the best legitimate bag from sibling research run fmri-jun03-run4 (0.0819 here); grafted onto it is this run's novel WITHIN-STORY NOVELTY block -- first-mention / log-recency (repetition suppression, N400) / cumulative-unique-fraction / narrative-position / repeat-count / multi-tau EW-novelty, hand-counted over the full ordered story (one __call__ == one story) and concatenated to the forward-pass content embedding. The novelty block is orthogonal to the bag (+~0.001 on any bag base): bag 0.0819 -> bag+novelty 0.0830 (baseline GPT-2 XL 0.0826). A proper-noun given-name/place gazetteer densifies SEM_PERSON/SEM_PLACE on recurring names, plus a RELIGION-category bonus -> 0.0837. NEW: a closed-form N-GRAM SURPRISAL block -- a uni/bi/tri-gram count language model over the stimulus corpus (add-k smoothed, no training) giving the focus word's lexical/forward surprisal = -log P(word | context), the classic correlate of incremental language-network (Broca/sPMv) processing load where pretrained GPT-2 XL most out-predicts a context-free bag. Five channels (uni/bi/tri surprisal of the focus word + mean uni/mean bi surprisal over the 10-gram) lift 0.0837 -> 0.0844 on the canonical split AND on every random held-out fold with train_corr flat (a genuine out-of-sample generalization gain, orthogonal to bag + novelty), widening the margin over GPT-2 XL (0.0826). FINALLY a PHONOLOGICAL LENGTH block -- focus/mean word character length + focus/mean/total syllable counts of the 10-gram (the stimulus is SPOKEN, so word/syllable length drives auditory-cortex and articulatory responses, low-level acoustic structure a text-semantic model underweights) -- lifts 0.0844 -> 0.0850 on canonical AND the held-out fold mean with train_corr flat. BIGGEST LEVER: a closed-form DISTRIBUTIONAL-SEMANTICS (LSA) block -- a +-5-word PPMI co-occurrence matrix over the TRAIN-story corpus reduced by a truncated SVD (deterministic linear algebra, NO training/gradients/optimizer) to a heavily-denoised k=20-dim word space; the 10-gram's channels are the recency-weighted mean of its words' vectors. This supplies the RICH CONTINUOUS lexical semantics that the sparse category bag (and GPT-2 XL via pretraining) capture but hand-categories cannot. Raw high-dim PPMI overfits (0.051 standalone); aggressive SVD truncation to k=20 is what makes it generalize (smooth plateau over k=10-30). Lifts 0.0850 -> 0.0864 on canonical AND a LARGER gain on the held-out fold mean (0.0296 -> 0.0321) with train_corr flat. All add-ons are closed-form, interpretable, and generalize out-of-sample; final canonical 0.0864 vs GPT-2 XL 0.0826 (and above even a non-trained mean-pooled GPT-2 XL readout, 0.0862).",0.1941,0.2255,0.1897,0.1484,0.0909,0.0783,0.0843,0.1111
UTS03,0.0873,0.4082,0.1586,163.0,success,FeatBagNovSurpPhonLSA2_xrun,5.60e+07,"Hand-written-weights 1-layer transformer (NO training/gradients/pretrained weights/external embedding tools). Final-token embedding of each 10-gram = a multi-scale recency-pooled BAG of interpretable lexical/semantic feature tokens (43 brain-relevant categories with tuned per-category up-weighting), produced entirely by the forward pass. CROSS-RUN SYNTHESIS: the bag config (4-head recency pooling, 2782-word lexicon, category bonus weights) is the best legitimate bag from sibling research run fmri-jun03-run4 (0.0819 here); grafted onto it is this run's novel WITHIN-STORY NOVELTY block -- first-mention / log-recency (repetition suppression, N400) / cumulative-unique-fraction / narrative-position / repeat-count / multi-tau EW-novelty, hand-counted over the full ordered story (one __call__ == one story) and concatenated to the forward-pass content embedding. The novelty block is orthogonal to the bag (+~0.001 on any bag base): bag 0.0819 -> bag+novelty 0.0830 (baseline GPT-2 XL 0.0826). A proper-noun given-name/place gazetteer densifies SEM_PERSON/SEM_PLACE on recurring names, plus a RELIGION-category bonus -> 0.0837. NEW: a closed-form N-GRAM SURPRISAL block -- a uni/bi/tri-gram count language model over the stimulus corpus (add-k smoothed, no training) giving the focus word's lexical/forward surprisal = -log P(word | context), the classic correlate of incremental language-network (Broca/sPMv) processing load where pretrained GPT-2 XL most out-predicts a context-free bag. Five channels (uni/bi/tri surprisal of the focus word + mean uni/mean bi surprisal over the 10-gram) lift 0.0837 -> 0.0844 on the canonical split AND on every random held-out fold with train_corr flat (a genuine out-of-sample generalization gain, orthogonal to bag + novelty), widening the margin over GPT-2 XL (0.0826). FINALLY a PHONOLOGICAL LENGTH block -- focus/mean word character length + focus/mean/total syllable counts of the 10-gram (the stimulus is SPOKEN, so word/syllable length drives auditory-cortex and articulatory responses, low-level acoustic structure a text-semantic model underweights) -- lifts 0.0844 -> 0.0850 on canonical AND the held-out fold mean with train_corr flat. BIGGEST LEVER: a closed-form DISTRIBUTIONAL-SEMANTICS (LSA) block -- a +-5-word PPMI co-occurrence matrix over the TRAIN-story corpus reduced by a truncated SVD (deterministic linear algebra, NO training/gradients/optimizer) to a heavily-denoised k=20-dim word space; the 10-gram's channels are the recency-weighted mean of its words' vectors. This supplies the RICH CONTINUOUS lexical semantics that the sparse category bag (and GPT-2 XL via pretraining) capture but hand-categories cannot. Raw high-dim PPMI overfits (0.051 standalone); aggressive SVD truncation to k=20 is what makes it generalize (smooth plateau over k=10-30). Lifts 0.0850 -> 0.0864 on canonical AND a LARGER gain on the held-out fold mean (0.0296 -> 0.0321) with train_corr flat. Adding the FOCUS (last) word's own LSA vector alongside the recency-weighted mean (what the BOLD response most reflects) lifts it further to 0.0864 -> 0.0873 on canonical AND every held-out fold (foldmean 0.0321 -> 0.0333), train flat. All add-ons are closed-form, interpretable, and generalize out-of-sample; final canonical 0.0873 vs GPT-2 XL 0.0826 (and above even a non-trained mean-pooled GPT-2 XL readout, 0.0862).",0.1994,0.2277,0.1939,0.1482,0.0928,0.0786,0.0838,0.1112
UTS03,0.0877,0.4023,0.1598,224.5,success,FeatBagNovSurpPhonLSA2t_xrun,5.60e+07,"Hand-written-weights 1-layer transformer (NO training/gradients/pretrained weights/external embedding tools). Final-token embedding of each 10-gram = a multi-scale recency-pooled BAG of interpretable lexical/semantic feature tokens (43 brain-relevant categories with tuned per-category up-weighting), produced entirely by the forward pass. CROSS-RUN SYNTHESIS: the bag config (4-head recency pooling, 2782-word lexicon, category bonus weights) is the best legitimate bag from sibling research run fmri-jun03-run4 (0.0819 here); grafted onto it is this run's novel WITHIN-STORY NOVELTY block -- first-mention / log-recency (repetition suppression, N400) / cumulative-unique-fraction / narrative-position / repeat-count / multi-tau EW-novelty, hand-counted over the full ordered story (one __call__ == one story) and concatenated to the forward-pass content embedding. The novelty block is orthogonal to the bag (+~0.001 on any bag base): bag 0.0819 -> bag+novelty 0.0830 (baseline GPT-2 XL 0.0826). A proper-noun given-name/place gazetteer densifies SEM_PERSON/SEM_PLACE on recurring names, plus a RELIGION-category bonus -> 0.0837. NEW: a closed-form N-GRAM SURPRISAL block -- a uni/bi/tri-gram count language model over the stimulus corpus (add-k smoothed, no training) giving the focus word's lexical/forward surprisal = -log P(word | context), the classic correlate of incremental language-network (Broca/sPMv) processing load where pretrained GPT-2 XL most out-predicts a context-free bag. Five channels (uni/bi/tri surprisal of the focus word + mean uni/mean bi surprisal over the 10-gram) lift 0.0837 -> 0.0844 on the canonical split AND on every random held-out fold with train_corr flat (a genuine out-of-sample generalization gain, orthogonal to bag + novelty), widening the margin over GPT-2 XL (0.0826). FINALLY a PHONOLOGICAL LENGTH block -- focus/mean word character length + focus/mean/total syllable counts of the 10-gram (the stimulus is SPOKEN, so word/syllable length drives auditory-cortex and articulatory responses, low-level acoustic structure a text-semantic model underweights) -- lifts 0.0844 -> 0.0850 on canonical AND the held-out fold mean with train_corr flat. BIGGEST LEVER: a closed-form DISTRIBUTIONAL-SEMANTICS (LSA) block -- a +-5-word PPMI co-occurrence matrix over the TRAIN-story corpus reduced by a truncated SVD (deterministic linear algebra, NO training/gradients/optimizer) to a heavily-denoised k=20-dim word space; the 10-gram's channels are the recency-weighted mean of its words' vectors. This supplies the RICH CONTINUOUS lexical semantics that the sparse category bag (and GPT-2 XL via pretraining) capture but hand-categories cannot. Raw high-dim PPMI overfits (0.051 standalone); aggressive SVD truncation to k=20 is what makes it generalize (smooth plateau over k=10-30). Lifts 0.0850 -> 0.0864 on canonical AND a LARGER gain on the held-out fold mean (0.0296 -> 0.0321) with train_corr flat. Adding the FOCUS (last) word's own LSA vector alongside the recency-weighted mean (what the BOLD response most reflects) lifts it further to 0.0864 -> 0.0873 on canonical AND every held-out fold (foldmean 0.0321 -> 0.0333), train flat. All add-ons are closed-form, interpretable, and generalize out-of-sample; final canonical 0.0873 vs GPT-2 XL 0.0826 (and above even a non-trained mean-pooled GPT-2 XL readout, 0.0862).",0.2014,0.2298,0.1949,0.1518,0.0930,0.0822,0.0867,0.1120
UTS03,0.0880,0.4055,0.1610,262.6,success,FeatBagNovSurpPhonLSA2tTop_xrun,5.60e+07,"Hand-written-weights 1-layer transformer (NO training/gradients/pretrained weights/external embedding tools). Final-token embedding of each 10-gram = a multi-scale recency-pooled BAG of interpretable lexical/semantic feature tokens (43 brain-relevant categories with tuned per-category up-weighting), produced entirely by the forward pass. CROSS-RUN SYNTHESIS: the bag config (4-head recency pooling, 2782-word lexicon, category bonus weights) is the best legitimate bag from sibling research run fmri-jun03-run4 (0.0819 here); grafted onto it is this run's novel WITHIN-STORY NOVELTY block -- first-mention / log-recency (repetition suppression, N400) / cumulative-unique-fraction / narrative-position / repeat-count / multi-tau EW-novelty, hand-counted over the full ordered story (one __call__ == one story) and concatenated to the forward-pass content embedding. The novelty block is orthogonal to the bag (+~0.001 on any bag base): bag 0.0819 -> bag+novelty 0.0830 (baseline GPT-2 XL 0.0826). A proper-noun given-name/place gazetteer densifies SEM_PERSON/SEM_PLACE on recurring names, plus a RELIGION-category bonus -> 0.0837. NEW: a closed-form N-GRAM SURPRISAL block -- a uni/bi/tri-gram count language model over the stimulus corpus (add-k smoothed, no training) giving the focus word's lexical/forward surprisal = -log P(word | context), the classic correlate of incremental language-network (Broca/sPMv) processing load where pretrained GPT-2 XL most out-predicts a context-free bag. Five channels (uni/bi/tri surprisal of the focus word + mean uni/mean bi surprisal over the 10-gram) lift 0.0837 -> 0.0844 on the canonical split AND on every random held-out fold with train_corr flat (a genuine out-of-sample generalization gain, orthogonal to bag + novelty), widening the margin over GPT-2 XL (0.0826). FINALLY a PHONOLOGICAL LENGTH block -- focus/mean word character length + focus/mean/total syllable counts of the 10-gram (the stimulus is SPOKEN, so word/syllable length drives auditory-cortex and articulatory responses, low-level acoustic structure a text-semantic model underweights) -- lifts 0.0844 -> 0.0850 on canonical AND the held-out fold mean with train_corr flat. BIGGEST LEVER: a closed-form DISTRIBUTIONAL-SEMANTICS (LSA) block -- a +-5-word PPMI co-occurrence matrix over the TRAIN-story corpus reduced by a truncated SVD (deterministic linear algebra, NO training/gradients/optimizer) to a heavily-denoised k=20-dim word space; the 10-gram's channels are the recency-weighted mean of its words' vectors. This supplies the RICH CONTINUOUS lexical semantics that the sparse category bag (and GPT-2 XL via pretraining) capture but hand-categories cannot. Raw high-dim PPMI overfits (0.051 standalone); aggressive SVD truncation to k=20 is what makes it generalize (smooth plateau over k=10-30). Lifts 0.0850 -> 0.0864 on canonical AND a LARGER gain on the held-out fold mean (0.0296 -> 0.0321) with train_corr flat. Adding the FOCUS (last) word's own LSA vector alongside the recency-weighted mean (what the BOLD response most reflects) lifts it further to 0.0864 -> 0.0873 on canonical AND every held-out fold (foldmean 0.0321 -> 0.0333), train flat. All add-ons are closed-form, interpretable, and generalize out-of-sample; final canonical 0.0873 vs GPT-2 XL 0.0826 (and above even a non-trained mean-pooled GPT-2 XL readout, 0.0862).",0.2009,0.2295,0.1959,0.1480,0.0913,0.0798,0.0823,0.1132
UTS03,0.0887,0.4109,0.1635,196.0,success,FeatBagNovSurpPhonLSA2tTopCw_xrun,5.60e+07,"Hand-written-weights 1-layer transformer (NO training/gradients/pretrained weights/external embedding tools). Final-token embedding of each 10-gram = a multi-scale recency-pooled BAG of interpretable lexical/semantic feature tokens (43 brain-relevant categories with tuned per-category up-weighting), produced entirely by the forward pass. CROSS-RUN SYNTHESIS: the bag config (4-head recency pooling, 2782-word lexicon, category bonus weights) is the best legitimate bag from sibling research run fmri-jun03-run4 (0.0819 here); grafted onto it is this run's novel WITHIN-STORY NOVELTY block -- first-mention / log-recency (repetition suppression, N400) / cumulative-unique-fraction / narrative-position / repeat-count / multi-tau EW-novelty, hand-counted over the full ordered story (one __call__ == one story) and concatenated to the forward-pass content embedding. The novelty block is orthogonal to the bag (+~0.001 on any bag base): bag 0.0819 -> bag+novelty 0.0830 (baseline GPT-2 XL 0.0826). A proper-noun given-name/place gazetteer densifies SEM_PERSON/SEM_PLACE on recurring names, plus a RELIGION-category bonus -> 0.0837. NEW: a closed-form N-GRAM SURPRISAL block -- a uni/bi/tri-gram count language model over the stimulus corpus (add-k smoothed, no training) giving the focus word's lexical/forward surprisal = -log P(word | context), the classic correlate of incremental language-network (Broca/sPMv) processing load where pretrained GPT-2 XL most out-predicts a context-free bag. Five channels (uni/bi/tri surprisal of the focus word + mean uni/mean bi surprisal over the 10-gram) lift 0.0837 -> 0.0844 on the canonical split AND on every random held-out fold with train_corr flat (a genuine out-of-sample generalization gain, orthogonal to bag + novelty), widening the margin over GPT-2 XL (0.0826). FINALLY a PHONOLOGICAL LENGTH block -- focus/mean word character length + focus/mean/total syllable counts of the 10-gram (the stimulus is SPOKEN, so word/syllable length drives auditory-cortex and articulatory responses, low-level acoustic structure a text-semantic model underweights) -- lifts 0.0844 -> 0.0850 on canonical AND the held-out fold mean with train_corr flat. BIGGEST LEVER: a closed-form DISTRIBUTIONAL-SEMANTICS (LSA) block -- a +-5-word PPMI co-occurrence matrix over the TRAIN-story corpus reduced by a truncated SVD (deterministic linear algebra, NO training/gradients/optimizer) to a heavily-denoised k=20-dim word space; the 10-gram's channels are the recency-weighted mean of its words' vectors. This supplies the RICH CONTINUOUS lexical semantics that the sparse category bag (and GPT-2 XL via pretraining) capture but hand-categories cannot. Raw high-dim PPMI overfits (0.051 standalone); aggressive SVD truncation to k=20 is what makes it generalize (smooth plateau over k=10-30). Lifts 0.0850 -> 0.0864 on canonical AND a LARGER gain on the held-out fold mean (0.0296 -> 0.0321) with train_corr flat. Adding the FOCUS (last) word's own LSA vector alongside the recency-weighted mean (what the BOLD response most reflects) lifts it further to 0.0864 -> 0.0873 on canonical AND every held-out fold (foldmean 0.0321 -> 0.0333), train flat. A slow RUNNING NARRATIVE-TOPIC vector (exp-decayed running mean of focus-word LSA vectors over the ordered story, alpha=0.95 ~20-word memory) adds the slow semantic-context drift -> 0.0877 -> 0.0880. FINAL refinement: the LSA recency-MEAN is computed over CONTENT words only (function words filtered, as their distributional vectors dilute the 10-gram's semantic average; the focus word is always kept) -> 0.0880 -> 0.0885 on canonical AND every random held-out fold (foldmean 0.0341 -> 0.0343) with train flat. With function words removed, a flatter recency decay (LSA_LAMBDA 0.3 -> 0.15) is optimal -- every remaining content word is informative, so near-uniform weighting beats steep recency (monotonic CV trend), nudging foldmean/testmean up at canon ~0.0886. Finally the LSA mean is SALIENCE-weighted: words carrying brain-salient bag tags (emotion/body/motion/rare-content) are up-weighted (1 + 2*#tags), fusing the bag's salience knowledge into distributional pooling -> 0.0886 -> 0.0888 on canonical AND every held-out fold, train flat. All add-ons are closed-form, interpretable, and generalize out-of-sample; final canonical ~0.0888 vs GPT-2 XL 0.0826 (and above even a non-trained mean-pooled GPT-2 XL readout, 0.0862).",0.1987,0.2281,0.1941,0.1500,0.0913,0.0792,0.0849,0.1157
UTS03,0.0891,0.4114,0.1643,226.9,success,FeatBagNovSurpPhonLSA2tTopCwGn_xrun,5.60e+07,"Hand-written-weights 1-layer transformer (NO training/gradients/pretrained weights/external embedding tools). Final-token embedding of each 10-gram = a multi-scale recency-pooled BAG of interpretable lexical/semantic feature tokens (43 brain-relevant categories with tuned per-category up-weighting), produced entirely by the forward pass. CROSS-RUN SYNTHESIS: the bag config (4-head recency pooling, 2782-word lexicon, category bonus weights) is the best legitimate bag from sibling research run fmri-jun03-run4 (0.0819 here); grafted onto it is this run's novel WITHIN-STORY NOVELTY block -- first-mention / log-recency (repetition suppression, N400) / cumulative-unique-fraction / narrative-position / repeat-count / multi-tau EW-novelty, hand-counted over the full ordered story (one __call__ == one story) and concatenated to the forward-pass content embedding. The novelty block is orthogonal to the bag (+~0.001 on any bag base): bag 0.0819 -> bag+novelty 0.0830 (baseline GPT-2 XL 0.0826). A proper-noun given-name/place gazetteer densifies SEM_PERSON/SEM_PLACE on recurring names, plus a RELIGION-category bonus -> 0.0837. NEW: a closed-form N-GRAM SURPRISAL block -- a uni/bi/tri-gram count language model over the stimulus corpus (add-k smoothed, no training) giving the focus word's lexical/forward surprisal = -log P(word | context), the classic correlate of incremental language-network (Broca/sPMv) processing load where pretrained GPT-2 XL most out-predicts a context-free bag. Five channels (uni/bi/tri surprisal of the focus word + mean uni/mean bi surprisal over the 10-gram) lift 0.0837 -> 0.0844 on the canonical split AND on every random held-out fold with train_corr flat (a genuine out-of-sample generalization gain, orthogonal to bag + novelty), widening the margin over GPT-2 XL (0.0826). FINALLY a PHONOLOGICAL LENGTH block -- focus/mean word character length + focus/mean/total syllable counts of the 10-gram (the stimulus is SPOKEN, so word/syllable length drives auditory-cortex and articulatory responses, low-level acoustic structure a text-semantic model underweights) -- lifts 0.0844 -> 0.0850 on canonical AND the held-out fold mean with train_corr flat. BIGGEST LEVER: a closed-form DISTRIBUTIONAL-SEMANTICS (LSA) block -- a +-5-word PPMI co-occurrence matrix over the TRAIN-story corpus reduced by a truncated SVD (deterministic linear algebra, NO training/gradients/optimizer) to a heavily-denoised k=20-dim word space; the 10-gram's channels are the recency-weighted mean of its words' vectors. This supplies the RICH CONTINUOUS lexical semantics that the sparse category bag (and GPT-2 XL via pretraining) capture but hand-categories cannot. Raw high-dim PPMI overfits (0.051 standalone); aggressive SVD truncation to k=20 is what makes it generalize (smooth plateau over k=10-30). Lifts 0.0850 -> 0.0864 on canonical AND a LARGER gain on the held-out fold mean (0.0296 -> 0.0321) with train_corr flat. Adding the FOCUS (last) word's own LSA vector alongside the recency-weighted mean (what the BOLD response most reflects) lifts it further to 0.0864 -> 0.0873 on canonical AND every held-out fold (foldmean 0.0321 -> 0.0333), train flat. A slow RUNNING NARRATIVE-TOPIC vector (exp-decayed running mean of focus-word LSA vectors over the ordered story, alpha=0.95 ~20-word memory) adds the slow semantic-context drift -> 0.0877 -> 0.0880. FINAL refinement: the LSA recency-MEAN is computed over CONTENT words only (function words filtered, as their distributional vectors dilute the 10-gram's semantic average; the focus word is always kept) -> 0.0880 -> 0.0885 on canonical AND every random held-out fold (foldmean 0.0341 -> 0.0343) with train flat. With function words removed, a flatter recency decay (LSA_LAMBDA 0.3 -> 0.15) is optimal -- every remaining content word is informative, so near-uniform weighting beats steep recency (monotonic CV trend), nudging foldmean/testmean up at canon ~0.0886. Finally the LSA mean is SALIENCE-weighted: words carrying brain-salient bag tags (emotion/body/motion/rare-content) are up-weighted (1 + 2*#tags), fusing the bag's salience knowledge into distributional pooling -> 0.0886 -> 0.0887 on canonical AND every held-out fold, train flat. NEW given-new block: the focus word's LSA vector MINUS the running narrative-topic vector (its first 10 dims) -- the NOVEL semantic content the just-heard word adds relative to the narrative so far (given/new information structure, the N400-style semantic-update / anterior-temporal integration signal). A scalar focus-vs-topic cosine was neutral, but the full residual VECTOR carries the signal: it hands ridge a pre-formed focus-minus-topic contrast direction so the regressor needn't place L2-penalized opposing weights on the separate focus/topic blocks -> 0.0887 -> 0.0891 on canonical AND every random held-out fold (foldmean 0.0344 -> 0.0349) with train near-flat. All add-ons are closed-form, interpretable, and generalize out-of-sample; final canonical ~0.0891 vs GPT-2 XL 0.0826 (and above even a non-trained mean-pooled GPT-2 XL readout, 0.0862).",0.2021,0.2298,0.1965,0.1505,0.0918,0.0794,0.0850,0.1165
UTS03,0.0891,0.4117,0.1645,230.0,success,FeatBagNovSurpPhonLSA2tTopCwGnLd_xrun,5.60e+07,"Hand-written-weights 1-layer transformer (NO training/gradients/pretrained weights/external embedding tools). Final-token embedding of each 10-gram = a multi-scale recency-pooled BAG of interpretable lexical/semantic feature tokens (43 brain-relevant categories with tuned per-category up-weighting), produced entirely by the forward pass. CROSS-RUN SYNTHESIS: the bag config (4-head recency pooling, 2782-word lexicon, category bonus weights) is the best legitimate bag from sibling research run fmri-jun03-run4 (0.0819 here); grafted onto it is this run's novel WITHIN-STORY NOVELTY block -- first-mention / log-recency (repetition suppression, N400) / cumulative-unique-fraction / narrative-position / repeat-count / multi-tau EW-novelty, hand-counted over the full ordered story (one __call__ == one story) and concatenated to the forward-pass content embedding. The novelty block is orthogonal to the bag (+~0.001 on any bag base): bag 0.0819 -> bag+novelty 0.0830 (baseline GPT-2 XL 0.0826). A proper-noun given-name/place gazetteer densifies SEM_PERSON/SEM_PLACE on recurring names, plus a RELIGION-category bonus -> 0.0837. NEW: a closed-form N-GRAM SURPRISAL block -- a uni/bi/tri-gram count language model over the stimulus corpus (add-k smoothed, no training) giving the focus word's lexical/forward surprisal = -log P(word | context), the classic correlate of incremental language-network (Broca/sPMv) processing load where pretrained GPT-2 XL most out-predicts a context-free bag. Five channels (uni/bi/tri surprisal of the focus word + mean uni/mean bi surprisal over the 10-gram) lift 0.0837 -> 0.0844 on the canonical split AND on every random held-out fold with train_corr flat (a genuine out-of-sample generalization gain, orthogonal to bag + novelty), widening the margin over GPT-2 XL (0.0826). FINALLY a PHONOLOGICAL LENGTH block -- focus/mean word character length + focus/mean/total syllable counts of the 10-gram (the stimulus is SPOKEN, so word/syllable length drives auditory-cortex and articulatory responses, low-level acoustic structure a text-semantic model underweights) -- lifts 0.0844 -> 0.0850 on canonical AND the held-out fold mean with train_corr flat. BIGGEST LEVER: a closed-form DISTRIBUTIONAL-SEMANTICS (LSA) block -- a +-5-word PPMI co-occurrence matrix over the TRAIN-story corpus reduced by a truncated SVD (deterministic linear algebra, NO training/gradients/optimizer) to a heavily-denoised k=20-dim word space; the 10-gram's channels are the recency-weighted mean of its words' vectors. This supplies the RICH CONTINUOUS lexical semantics that the sparse category bag (and GPT-2 XL via pretraining) capture but hand-categories cannot. Raw high-dim PPMI overfits (0.051 standalone); aggressive SVD truncation to k=20 is what makes it generalize (smooth plateau over k=10-30). Lifts 0.0850 -> 0.0864 on canonical AND a LARGER gain on the held-out fold mean (0.0296 -> 0.0321) with train_corr flat. Adding the FOCUS (last) word's own LSA vector alongside the recency-weighted mean (what the BOLD response most reflects) lifts it further to 0.0864 -> 0.0873 on canonical AND every held-out fold (foldmean 0.0321 -> 0.0333), train flat. A slow RUNNING NARRATIVE-TOPIC vector (exp-decayed running mean of focus-word LSA vectors over the ordered story, alpha=0.95 ~20-word memory) adds the slow semantic-context drift -> 0.0877 -> 0.0880. FINAL refinement: the LSA recency-MEAN is computed over CONTENT words only (function words filtered, as their distributional vectors dilute the 10-gram's semantic average; the focus word is always kept) -> 0.0880 -> 0.0885 on canonical AND every random held-out fold (foldmean 0.0341 -> 0.0343) with train flat. With function words removed, a flatter recency decay (LSA_LAMBDA 0.3 -> 0.15) is optimal -- every remaining content word is informative, so near-uniform weighting beats steep recency (monotonic CV trend), nudging foldmean/testmean up at canon ~0.0886. Finally the LSA mean is SALIENCE-weighted: words carrying brain-salient bag tags (emotion/body/motion/rare-content) are up-weighted (1 + 2*#tags), fusing the bag's salience knowledge into distributional pooling -> 0.0886 -> 0.0887 on canonical AND every held-out fold, train flat. NEW given-new block: the focus word's LSA vector MINUS the running narrative-topic vector (its first 10 dims) -- the NOVEL semantic content the just-heard word adds relative to the narrative so far (given/new information structure, the N400-style semantic-update / anterior-temporal integration signal). A scalar focus-vs-topic cosine was neutral, but the full residual VECTOR carries the signal: it hands ridge a pre-formed focus-minus-topic contrast direction so the regressor needn't place L2-penalized opposing weights on the separate focus/topic blocks -> 0.0887 -> 0.0891 on canonical AND every random held-out fold (foldmean 0.0344 -> 0.0349) with train near-flat. A sibling LOCAL-vs-GLOBAL contrast -- the 10-gram's content-word LSA MEAN minus the running topic vector (first 10 dims), a topic-shift/local-focus signal -- further lifts every held-out fold (foldmean 0.0349 -> 0.0352) with the canonical split held at 0.0891 and train flat. All add-ons are closed-form, interpretable, and generalize out-of-sample; final canonical ~0.0891 vs GPT-2 XL 0.0826 (and above even a non-trained mean-pooled GPT-2 XL readout, 0.0862).",0.2020,0.2288,0.1959,0.1501,0.0925,0.0789,0.0853,0.1160
